case_id,final_diagnosis,grade,thought,feedback,feedback_comment,username,case_index,timestamp,mode
10.1016%j.cgh.2018.01.014,Eosinophilic Gastritis,1.0,"Thought: The LLM's diagnosis of ""Eosinophilic Gastritis"" is closely related to the ground truth diagnosis of ""Eosinophilic gastroenteritis (EG) presenting with gastric perforation."" Eosinophilic gastritis is a specific form of eosinophilic gastroenteritis that primarily affects the stomach. While the LLM's diagnosis does not mention the gastric perforation, it correctly identifies the underlying condition which is eosinophilic inflammation involving the gastrointestinal tract, particularly the stomach, falling under the broader category of eosinophilic gastroenteritis. Therefore, the LLM's diagnosis captures the essential nature of the condition, even though it omits the specific complication of gastric perforation.

Action: 1.0",thumbs_up,,mauro,4,2025-01-19T19:19:43.918499,simulator_calibrate
10.1053%j.gastro.2016.11.054,Lead Toxicity (Plumbism),0.0,"Thought: The LLM diagnosis suggests ""Lead Toxicity (Plumbism)"" as the diagnosis. Lead toxicity typically presents with symptoms such as abdominal pain, constipation, fatigue, and neurological changes, among others. However, the ground truth diagnosis involves acute liver injury in a patient who has been consuming alcohol from a tin pot for an extended period. The key details in the ground truth suggest alcohol-related liver injury and possible metal leaching from the container contributing to the injury, but not specifically lead toxicity. The symptoms indicated in the ground truth are more aligned with alcohol-induced liver damage rather than direct lead poisoning. Therefore, the LLM diagnosis of lead toxicity does not align well with the ground truth of alcohol-related acute liver injury.

Action: 0.0",thumbs_down,Probably the LLM hallucinated in giving LEAD increased levels!,mauro,1,2025-01-19T19:31:50.771383,simulator_calibrate
10.1016%j.cgh.2018.08.072,chronic intestinal pseudo-obstruction,0.0,"Thought: The LLM diagnosis of ""chronic intestinal pseudo-obstruction"" refers to a condition characterized by symptoms that mimic a physical blockage of the intestines, without any actual obstruction. It involves impaired peristalsis leading to gastrointestinal symptoms. On the other hand, the ground truth diagnosis indicates a ""high-grade late duodenal web,"" which is an actual physical obstruction within the duodenum caused by a membranous tissue web. Although both diagnoses involve difficulties with intestinal passage, pseudo-obstruction is a functional, non-obstructive issue, whereas a duodenal web is an anatomical obstruction. Given the fundamental differences between a functional obstruction (pseudo-obstruction) and a physical obstruction (duodenal web), they are not closely aligned diagnoses.

Action: 0.0",thumbs_down,"The LLM hallucinated in providing information related to abnormal motility on manometry, which does not happen in duodenal webs. Also, the GI Series with contrast was reported as normal!",mauro,8,2025-01-19T19:44:01.743229,simulator_calibrate
10.1016%j.cgh.2018.04.053,localized colitis,0.0,"Thought: The LLM diagnosis of ""localized colitis"" refers to inflammation of a section of the colon, which is a gastrointestinal condition. The ground truth diagnosis of ""Primary fallopian tube cancer (PFTC)"" indicates a cancer originating in the fallopian tubes, part of the female reproductive system. These two conditions are entirely different in terms of affected organs, symptoms, causes, and treatments. There is no overlap between a gastrointestinal condition like colitis and a gynecological cancer such as PFTC. Therefore, the LLM diagnosis is not close to the ground truth diagnosis.

Action: 0.0",thumbs_down,,mauro,12,2025-01-19T19:56:31.202986,simulator_calibrate
